year,month,route,temp_c,precip_mm
2004,1,camino_frances,8.01,104.29
2004,2,camino_frances,6.7,56.97
2004,3,camino_frances,7.8,82.3
2004,4,camino_frances,9.69,83.92
2004,5,camino_frances,12.79,80.25
2004,6,camino_frances,18.4,25.48
2004,7,camino_frances,18.71,43.91
2004,8,camino_frances,19.19,78.27
2004,9,camino_frances,17.67,56.46
2004,10,camino_frances,14.06,136.65
2004,11,camino_frances,8.58,56.76
2004,12,camino_frances,7.04,90.7
2004,1,camino_portugues,9.3,99.62
2004,2,camino_portugues,9.01,34.23
2004,3,camino_portugues,9.86,61.78
2004,4,camino_portugues,12.24,55.55
2004,5,camino_portugues,15.22,61.77
2004,6,camino_portugues,21.38,13.46
2004,7,camino_portugues,21.11,11.7
2004,8,camino_portugues,20.02,79.47
2004,9,camino_portugues,19.43,21.67
2004,10,camino_portugues,14.57,223.54
2004,11,camino_portugues,9.97,27.77
2004,12,camino_portugues,7.68,38.45
2004,1,camino_portugues_costa,9.86,133.17
2004,2,camino_portugues_costa,9.32,25.62
2004,3,camino_portugues_costa,9.95,81.28
2004,4,camino_portugues_costa,11.83,79.65
2004,5,camino_portugues_costa,14.72,61.77
2004,6,camino_portugues_costa,19.63,22.02
2004,7,camino_portugues_costa,19.32,19.22
2004,8,camino_portugues_costa,18.76,119.68
2004,9,camino_portugues_costa,18.4,23.35
2004,10,camino_portugues_costa,14.22,296.23
2004,11,camino_portugues_costa,10.33,38.03
2004,12,camino_portugues_costa,8.41,46.35
2004,1,camino_norte,9.68,130.68
2004,2,camino_norte,8.17,76.06
2004,3,camino_norte,8.98,90.85
2004,4,camino_norte,10.52,96.47
2004,5,camino_norte,13.0,87.13
2004,6,camino_norte,17.64,31.01
2004,7,camino_norte,18.11,52.7
2004,8,camino_norte,19.17,92.44
2004,9,camino_norte,18.03,57.16
2004,10,camino_norte,15.16,154.59
2004,11,camino_norte,10.58,78.03
2004,12,camino_norte,9.04,122.94
2004,1,via_podiensis_fr,8.42,140.88
2004,2,via_podiensis_fr,7.24,51.68
2004,3,via_podiensis_fr,8.52,66.52
2004,4,via_podiensis_fr,11.09,93.85
2004,5,via_podiensis_fr,14.37,69.37
2004,6,via_podiensis_fr,19.19,20.46
2004,7,via_podiensis_fr,19.57,50.58
2004,8,via_podiensis_fr,20.51,86.15
2004,9,via_podiensis_fr,18.82,32.73
2004,10,via_podiensis_fr,15.93,102.99
2004,11,via_podiensis_fr,9.6,47.39
2004,12,via_podiensis_fr,7.91,76.19
2005,1,camino_frances,6.03,49.84
2005,2,camino_frances,4.39,74.26
2005,3,camino_frances,8.8,57.87
2005,4,camino_frances,10.7,105.11
2005,5,camino_frances,14.07,67.71
2005,6,camino_frances,18.74,35.25
2005,7,camino_frances,19.54,27.18
2005,8,camino_frances,19.37,32.81
2005,9,camino_frances,16.91,60.36
2005,10,camino_frances,14.77,122.17
2005,11,camino_frances,8.82,132.53
2005,12,camino_frances,5.96,104.16
2005,1,camino_portugues,6.86,12.89
2005,2,camino_portugues,6.44,17.59
2005,3,camino_portugues,11.15,76.97
2005,4,camino_portugues,12.66,65.22
2005,5,camino_portugues,15.68,66.66
2005,6,camino_portugues,21.01,21.52
2005,7,camino_portugues,21.31,15.51
2005,8,camino_portugues,22.4,8.93
2005,9,camino_portugues,18.77,28.4
2005,10,camino_portugues,15.8,211.81
2005,11,camino_portugues,9.92,97.45
2005,12,camino_portugues,7.98,98.69
2005,1,camino_portugues_costa,7.95,25.16
2005,2,camino_portugues_costa,6.84,16.91
2005,3,camino_portugues_costa,10.78,113.81
2005,4,camino_portugues_costa,12.09,91.87
2005,5,camino_portugues_costa,14.56,92.09
2005,6,camino_portugues_costa,19.18,35.18
2005,7,camino_portugues_costa,19.63,29.08
2005,8,camino_portugues_costa,20.48,9.45
2005,9,camino_portugues_costa,17.58,42.34
2005,10,camino_portugues_costa,15.47,262.68
2005,11,camino_portugues_costa,10.68,125.82
2005,12,camino_portugues_costa,8.55,125.55
2005,1,camino_norte,8.31,72.1
2005,2,camino_norte,6.19,108.09
2005,3,camino_norte,9.68,66.95
2005,4,camino_norte,11.23,128.72
2005,5,camino_norte,13.99,74.42
2005,6,camino_norte,17.97,36.9
2005,7,camino_norte,18.91,38.16
2005,8,camino_norte,19.0,37.32
2005,9,camino_norte,17.34,82.09
2005,10,camino_norte,16.04,117.29
2005,11,camino_norte,10.77,178.76
2005,12,camino_norte,7.92,129.61
2005,1,via_podiensis_fr,7.38,52.54
2005,2,via_podiensis_fr,5.31,62.98
2005,3,via_podiensis_fr,9.32,53.89
2005,4,via_podiensis_fr,11.86,101.39
2005,5,via_podiensis_fr,15.38,57.86
2005,6,via_podiensis_fr,19.92,30.22
2005,7,via_podiensis_fr,20.69,36.59
2005,8,via_podiensis_fr,19.91,39.72
2005,9,via_podiensis_fr,18.04,58.39
2005,10,via_podiensis_fr,16.75,66.78
2005,11,via_podiensis_fr,9.74,108.87
2005,12,via_podiensis_fr,5.77,86.97
2006,1,camino_frances,5.58,55.62
2006,2,camino_frances,5.46,99.58
2006,3,camino_frances,9.98,117.62
2006,4,camino_frances,11.13,71.48
2006,5,camino_frances,14.61,45.12
2006,6,camino_frances,18.12,46.51
2006,7,camino_frances,21.04,51.93
2006,8,camino_frances,18.75,42.89
2006,9,camino_frances,18.55,88.5
2006,10,camino_frances,15.67,143.79
2006,11,camino_frances,12.01,129.78
2006,12,camino_frances,7.11,99.77
2006,1,camino_portugues,6.32,37.82
2006,2,camino_portugues,7.35,99.42
2006,3,camino_portugues,10.96,169.89
2006,4,camino_portugues,13.7,76.23
2006,5,camino_portugues,16.79,16.88
2006,6,camino_portugues,19.74,39.08
2006,7,camino_portugues,22.31,13.42
2006,8,camino_portugues,22.19,31.36
2006,9,camino_portugues,19.33,89.18
2006,10,camino_portugues,16.52,258.98
2006,11,camino_portugues,13.13,237.56
2006,12,camino_portugues,7.9,110.25
2006,1,camino_portugues_costa,7.07,49.16
2006,2,camino_portugues_costa,7.6,139.62
2006,3,camino_portugues_costa,11.05,250.21
2006,4,camino_portugues_costa,13.23,100.11
2006,5,camino_portugues_costa,15.59,28.57
2006,6,camino_portugues_costa,18.57,31.32
2006,7,camino_portugues_costa,20.55,11.74
2006,8,camino_portugues_costa,20.35,48.54
2006,9,camino_portugues_costa,18.16,125.12
2006,10,camino_portugues_costa,16.32,323.16
2006,11,camino_portugues_costa,13.49,314.74
2006,12,camino_portugues_costa,8.87,181.54
2006,1,camino_norte,7.52,71.51
2006,2,camino_norte,6.96,120.75
2006,3,camino_norte,11.02,125.82
2006,4,camino_norte,11.44,75.44
2006,5,camino_norte,14.3,51.69
2006,6,camino_norte,17.42,38.65
2006,7,camino_norte,20.33,64.17
2006,8,camino_norte,18.73,58.12
2006,9,camino_norte,18.87,98.68
2006,10,camino_norte,16.82,147.32
2006,11,camino_norte,13.58,132.11
2006,12,camino_norte,9.44,127.11
2006,1,via_podiensis_fr,6.57,59.34
2006,2,via_podiensis_fr,5.97,76.98
2006,3,via_podiensis_fr,10.44,133.08
2006,4,via_podiensis_fr,11.93,46.95
2006,5,via_podiensis_fr,15.28,57.9
2006,6,via_podiensis_fr,19.4,45.41
2006,7,via_podiensis_fr,22.91,57.59
2006,8,via_podiensis_fr,19.18,54.52
2006,9,via_podiensis_fr,19.92,110.12
2006,10,via_podiensis_fr,17.49,87.1
2006,11,via_podiensis_fr,12.95,80.11
2006,12,via_podiensis_fr,7.79,66.78
2007,1,camino_frances,7.41,66.31
2007,2,camino_frances,8.97,143.55
2007,3,camino_frances,8.51,127.25
2007,4,camino_frances,11.67,93.93
2007,5,camino_frances,13.5,93.19
2007,6,camino_frances,16.19,72.95
2007,7,camino_frances,18.16,40.06
2007,8,camino_frances,18.14,58.32
2007,9,camino_frances,16.37,33.57
2007,10,camino_frances,13.28,52.38
2007,11,camino_frances,8.39,48.39
2007,12,camino_frances,6.79,39.78
2007,1,camino_portugues,8.01,31.08
2007,2,camino_portugues,9.81,179.07
2007,3,camino_portugues,10.63,52.29
2007,4,camino_portugues,13.02,67.98
2007,5,camino_portugues,14.92,86.81
2007,6,camino_portugues,17.35,92.56
2007,7,camino_portugues,19.72,27.19
2007,8,camino_portugues,20.18,16.41
2007,9,camino_portugues,19.42,49.78
2007,10,camino_portugues,15.38,19.03
2007,11,camino_portugues,10.52,57.8
2007,12,camino_portugues,7.83,33.52
2007,1,camino_portugues_costa,8.97,48.48
2007,2,camino_portugues_costa,10.09,264.62
2007,3,camino_portugues_costa,10.76,83.95
2007,4,camino_portugues_costa,12.9,65.05
2007,5,camino_portugues_costa,14.21,103.73
2007,6,camino_portugues_costa,16.34,131.73
2007,7,camino_portugues_costa,17.92,48.5
2007,8,camino_portugues_costa,18.6,19.88
2007,9,camino_portugues_costa,18.35,35.6
2007,10,camino_portugues_costa,14.98,11.26
2007,11,camino_portugues_costa,10.81,74.23
2007,12,camino_portugues_costa,8.62,47.62
2007,1,camino_norte,9.38,94.4
2007,2,camino_norte,10.48,159.26
2007,3,camino_norte,9.73,170.08
2007,4,camino_norte,12.25,93.86
2007,5,camino_norte,13.83,92.26
2007,6,camino_norte,16.25,78.26
2007,7,camino_norte,17.71,55.75
2007,8,camino_norte,18.0,81.67
2007,9,camino_norte,16.53,36.14
2007,10,camino_norte,14.37,58.01
2007,11,camino_norte,10.06,58.35
2007,12,camino_norte,8.99,49.67
2007,1,via_podiensis_fr,8.86,66.2
2007,2,via_podiensis_fr,10.23,119.87
2007,3,via_podiensis_fr,9.66,124.69
2007,4,via_podiensis_fr,14.09,59.14
2007,5,via_podiensis_fr,15.21,114.99
2007,6,via_podiensis_fr,17.87,71.82
2007,7,via_podiensis_fr,18.93,50.04
2007,8,via_podiensis_fr,19.26,76.79
2007,9,via_podiensis_fr,17.04,29.57
2007,10,via_podiensis_fr,14.05,47.09
2007,11,via_podiensis_fr,9.01,41.47
2007,12,via_podiensis_fr,7.75,56.3
2008,1,camino_frances,8.12,86.28
2008,2,camino_frances,9.28,43.21
2008,3,camino_frances,8.56,120.02
2008,4,camino_frances,10.68,136.85
2008,5,camino_frances,13.25,156.17
2008,6,camino_frances,16.46,63.25
2008,7,camino_frances,18.27,36.83
2008,8,camino_frances,18.67,39.9
2008,9,camino_frances,16.11,45.02
2008,10,camino_frances,12.65,112.49
2008,11,camino_frances,8.25,137.67
2008,12,camino_frances,6.62,127.79
2008,1,camino_portugues,9.49,125.77
2008,2,camino_portugues,10.95,60.16
2008,3,camino_portugues,10.2,60.45
2008,4,camino_portugues,13.11,203.32
2008,5,camino_portugues,13.83,125.35
2008,6,camino_portugues,18.87,18.18
2008,7,camino_portugues,19.79,17.67
2008,8,camino_portugues,19.63,21.93
2008,9,camino_portugues,17.64,53.63
2008,10,camino_portugues,14.19,56.79
2008,11,camino_portugues,8.98,60.15
2008,12,camino_portugues,7.78,104.86
2008,1,camino_portugues_costa,9.94,193.49
2008,2,camino_portugues_costa,11.35,59.52
2008,3,camino_portugues_costa,10.18,91.83
2008,4,camino_portugues_costa,12.67,259.71
2008,5,camino_portugues_costa,13.53,165.02
2008,6,camino_portugues_costa,17.38,25.28
2008,7,camino_portugues_costa,18.18,32.69
2008,8,camino_portugues_costa,18.11,39.5
2008,9,camino_portugues_costa,16.7,72.5
2008,10,camino_portugues_costa,13.7,72.12
2008,11,camino_portugues_costa,9.46,87.83
2008,12,camino_portugues_costa,8.42,139.08
2008,1,camino_norte,9.92,98.14
2008,2,camino_norte,10.78,43.82
2008,3,camino_norte,9.71,153.97
2008,4,camino_norte,11.16,148.19
2008,5,camino_norte,13.79,154.63
2008,6,camino_norte,16.34,72.95
2008,7,camino_norte,17.84,50.68
2008,8,camino_norte,18.37,54.13
2008,9,camino_norte,16.6,52.27
2008,10,camino_norte,13.89,139.82
2008,11,camino_norte,10.14,194.12
2008,12,camino_norte,8.48,160.84
2008,1,via_podiensis_fr,9.14,97.51
2008,2,via_podiensis_fr,9.96,32.94
2008,3,via_podiensis_fr,9.5,123.85
2008,4,via_podiensis_fr,11.39,97.73
2008,5,via_podiensis_fr,15.62,116.25
2008,6,via_podiensis_fr,17.88,78.72
2008,7,via_podiensis_fr,19.47,47.15
2008,8,via_podiensis_fr,19.57,55.66
2008,9,via_podiensis_fr,16.97,50.55
2008,10,via_podiensis_fr,13.91,102.39
2008,11,via_podiensis_fr,10.01,133.9
2008,12,via_podiensis_fr,7.25,95.41
2009,1,camino_frances,6.04,147.41
2009,2,camino_frances,6.79,74.51
2009,3,camino_frances,9.08,63.47
2009,4,camino_frances,9.64,91.77
2009,5,camino_frances,14.04,63.74
2009,6,camino_frances,17.52,63.04
2009,7,camino_frances,18.92,41.4
2009,8,camino_frances,19.83,31.76
2009,9,camino_frances,17.34,42.61
2009,10,camino_frances,14.97,73.9
2009,11,camino_frances,10.94,190.91
2009,12,camino_frances,6.75,150.35
2009,1,camino_portugues,7.33,185.47
2009,2,camino_portugues,8.86,80.69
2009,3,camino_portugues,12.62,28.5
2009,4,camino_portugues,10.96,72.78
2009,5,camino_portugues,16.19,51.23
2009,6,camino_portugues,19.36,68.38
2009,7,camino_portugues,19.41,31.63
2009,8,camino_portugues,21.48,8.63
2009,9,camino_portugues,19.61,13.07
2009,10,camino_portugues,17.25,114.55
2009,11,camino_portugues,12.02,179.13
2009,12,camino_portugues,8.52,273.54
2009,1,camino_portugues_costa,7.94,263.73
2009,2,camino_portugues_costa,9.02,97.61
2009,3,camino_portugues_costa,12.02,33.7
2009,4,camino_portugues_costa,10.65,108.53
2009,5,camino_portugues_costa,15.02,64.83
2009,6,camino_portugues_costa,17.81,105.54
2009,7,camino_portugues_costa,17.76,55.86
2009,8,camino_portugues_costa,19.46,12.94
2009,9,camino_portugues_costa,18.5,12.78
2009,10,camino_portugues_costa,16.7,175.77
2009,11,camino_portugues_costa,12.38,275.64
2009,12,camino_portugues_costa,9.05,357.41
2009,1,camino_norte,7.92,175.23
2009,2,camino_norte,8.06,90.46
2009,3,camino_norte,9.69,82.78
2009,4,camino_norte,10.36,99.71
2009,5,camino_norte,13.62,69.9
2009,6,camino_norte,16.95,68.13
2009,7,camino_norte,18.26,55.91
2009,8,camino_norte,19.15,41.66
2009,9,camino_norte,17.59,54.31
2009,10,camino_norte,15.9,72.16
2009,11,camino_norte,12.51,246.19
2009,12,camino_norte,8.72,143.03
2009,1,via_podiensis_fr,6.45,117.36
2009,2,via_podiensis_fr,7.32,59.62
2009,3,via_podiensis_fr,9.65,43.9
2009,4,via_podiensis_fr,11.46,107.44
2009,5,via_podiensis_fr,15.54,78.59
2009,6,via_podiensis_fr,18.88,51.36
2009,7,via_podiensis_fr,20.24,43.78
2009,8,via_podiensis_fr,20.98,38.84
2009,9,via_podiensis_fr,18.46,51.71
2009,10,via_podiensis_fr,15.4,56.25
2009,11,via_podiensis_fr,12.45,178.4
2009,12,via_podiensis_fr,8.08,108.86
2010,1,camino_frances,5.81,140.22
2010,2,camino_frances,6.12,118.75
2010,3,camino_frances,8.17,78.81
2010,4,camino_frances,11.64,57.06
2010,5,camino_frances,12.59,82.98
2010,6,camino_frances,16.22,127.5
2010,7,camino_frances,19.73,24.96
2010,8,camino_frances,19.6,21.38
2010,9,camino_frances,16.92,44.57
2010,10,camino_frances,13.05,134.87
2010,11,camino_frances,8.58,166.93
2010,12,camino_frances,6.06,109.13
2010,1,camino_portugues,7.78,149.67
2010,2,camino_portugues,7.9,241.82
2010,3,camino_portugues,10.04,141.27
2010,4,camino_portugues,14.14,76.09
2010,5,camino_portugues,15.17,59.52
2010,6,camino_portugues,18.8,56.92
2010,7,camino_portugues,22.45,7.65
2010,8,camino_portugues,22.81,5.52
2010,9,camino_portugues,19.22,20.5
2010,10,camino_portugues,14.34,186.37
2010,11,camino_portugues,9.95,127.89
2010,12,camino_portugues,8.09,172.6
2010,1,camino_portugues_costa,8.33,186.15
2010,2,camino_portugues_costa,8.3,281.55
2010,3,camino_portugues_costa,10.09,169.8
2010,4,camino_portugues_costa,13.77,71.19
2010,5,camino_portugues_costa,14.64,76.33
2010,6,camino_portugues_costa,17.62,71.82
2010,7,camino_portugues_costa,20.4,12.76
2010,8,camino_portugues_costa,20.56,9.28
2010,9,camino_portugues_costa,18.14,28.62
2010,10,camino_portugues_costa,14.43,248.15
2010,11,camino_portugues_costa,10.32,184.39
2010,12,camino_portugues_costa,8.4,189.08
2010,1,camino_norte,7.53,169.28
2010,2,camino_norte,7.74,117.47
2010,3,camino_norte,9.34,73.99
2010,4,camino_norte,12.04,54.21
2010,5,camino_norte,13.0,93.55
2010,6,camino_norte,16.11,159.78
2010,7,camino_norte,18.93,26.57
2010,8,camino_norte,19.1,29.29
2010,9,camino_norte,17.25,48.03
2010,10,camino_norte,14.4,149.67
2010,11,camino_norte,10.37,233.49
2010,12,camino_norte,7.88,128.59
2010,1,via_podiensis_fr,5.7,106.21
2010,2,via_podiensis_fr,6.78,76.63
2010,3,via_podiensis_fr,8.99,60.16
2010,4,via_podiensis_fr,12.68,38.41
2010,5,via_podiensis_fr,13.86,75.63
2010,6,via_podiensis_fr,17.81,110.0
2010,7,via_podiensis_fr,20.85,35.8
2010,8,via_podiensis_fr,19.91,31.77
2010,9,via_podiensis_fr,17.57,46.58
2010,10,via_podiensis_fr,14.21,106.73
2010,11,via_podiensis_fr,10.15,163.11
2010,12,via_podiensis_fr,6.17,91.9
2011,1,camino_frances,6.71,86.3
2011,2,camino_frances,7.76,93.82
2011,3,camino_frances,9.07,81.24
2011,4,camino_frances,13.48,57.8
2011,5,camino_frances,15.11,56.37
2011,6,camino_frances,16.48,39.66
2011,7,camino_frances,17.52,52.99
2011,8,camino_frances,19.43,44.16
2011,9,camino_frances,18.48,27.05
2011,10,camino_frances,15.01,63.12
2011,11,camino_frances,11.36,94.12
2011,12,camino_frances,8.18,81.01
2011,1,camino_portugues,8.21,130.1
2011,2,camino_portugues,9.17,123.11
2011,3,camino_portugues,10.7,77.77
2011,4,camino_portugues,16.14,89.57
2011,5,camino_portugues,17.67,75.92
2011,6,camino_portugues,18.59,10.11
2011,7,camino_portugues,19.63,11.73
2011,8,camino_portugues,20.41,31.06
2011,9,camino_portugues,19.34,28.9
2011,10,camino_portugues,17.45,114.84
2011,11,camino_portugues,11.35,162.75
2011,12,camino_portugues,8.55,56.1
2011,1,camino_portugues_costa,8.86,191.94
2011,2,camino_portugues_costa,9.47,168.57
2011,3,camino_portugues_costa,10.85,84.98
2011,4,camino_portugues_costa,15.56,82.82
2011,5,camino_portugues_costa,16.73,66.96
2011,6,camino_portugues_costa,17.28,10.5
2011,7,camino_portugues_costa,18.01,21.86
2011,8,camino_portugues_costa,18.86,47.07
2011,9,camino_portugues_costa,18.26,29.3
2011,10,camino_portugues_costa,16.66,160.49
2011,11,camino_portugues_costa,11.8,223.36
2011,12,camino_portugues_costa,9.55,91.96
2011,1,camino_norte,8.48,91.32
2011,2,camino_norte,9.32,107.89
2011,3,camino_norte,10.18,84.65
2011,4,camino_norte,13.76,52.32
2011,5,camino_norte,14.96,53.91
2011,6,camino_norte,16.18,43.63
2011,7,camino_norte,17.17,71.41
2011,8,camino_norte,18.73,53.72
2011,9,camino_norte,18.53,32.13
2011,10,camino_norte,15.95,67.75
2011,11,camino_norte,13.09,94.19
2011,12,camino_norte,10.24,109.69
2011,1,via_podiensis_fr,7.0,46.96
2011,2,via_podiensis_fr,8.81,73.09
2011,3,via_podiensis_fr,10.51,51.93
2011,4,via_podiensis_fr,14.81,28.07
2011,5,via_podiensis_fr,16.91,34.14
2011,6,via_podiensis_fr,17.82,51.63
2011,7,via_podiensis_fr,18.62,72.62
2011,8,via_podiensis_fr,20.32,54.7
2011,9,via_podiensis_fr,19.49,31.53
2011,10,via_podiensis_fr,15.84,42.87
2011,11,via_podiensis_fr,13.48,68.19
2011,12,via_podiensis_fr,10.15,120.56
2012,1,camino_frances,7.03,45.62
2012,2,camino_frances,5.08,55.95
2012,3,camino_frances,9.97,27.4
2012,4,camino_frances,8.79,194.05
2012,5,camino_frances,14.33,67.14
2012,6,camino_frances,17.14,63.28
2012,7,camino_frances,18.17,28.99
2012,8,camino_frances,19.96,31.75
2012,9,camino_frances,17.49,49.16
2012,10,camino_frances,13.62,119.92
2012,11,camino_frances,9.47,121.42
2012,12,camino_frances,8.3,111.36
2012,1,camino_portugues,7.62,23.16
2012,2,camino_portugues,7.25,3.51
2012,3,camino_portugues,12.59,16.52
2012,4,camino_portugues,10.29,122.97
2012,5,camino_portugues,16.25,100.43
2012,6,camino_portugues,18.27,41.41
2012,7,camino_portugues,19.83,11.5
2012,8,camino_portugues,20.16,27.43
2012,9,camino_portugues,19.81,59.62
2012,10,camino_portugues,14.65,110.21
2012,11,camino_portugues,10.14,138.67
2012,12,camino_portugues,9.25,154.62
2012,1,camino_portugues_costa,8.41,36.74
2012,2,camino_portugues_costa,7.74,4.97
2012,3,camino_portugues_costa,12.28,23.44
2012,4,camino_portugues_costa,10.25,157.58
2012,5,camino_portugues_costa,15.09,148.63
2012,6,camino_portugues_costa,16.81,73.28
2012,7,camino_portugues_costa,18.05,18.66
2012,8,camino_portugues_costa,18.53,49.9
2012,9,camino_portugues_costa,18.66,72.55
2012,10,camino_portugues_costa,14.45,125.68
2012,11,camino_portugues_costa,10.58,128.63
2012,12,camino_portugues_costa,10.12,239.51
2012,1,camino_norte,9.01,62.69
2012,2,camino_norte,6.69,78.63
2012,3,camino_norte,10.59,34.92
2012,4,camino_norte,9.69,228.83
2012,5,camino_norte,14.16,66.49
2012,6,camino_norte,16.51,80.7
2012,7,camino_norte,17.53,34.0
2012,8,camino_norte,19.5,37.27
2012,9,camino_norte,17.73,55.32
2012,10,camino_norte,14.8,128.01
2012,11,camino_norte,11.2,153.86
2012,12,camino_norte,10.29,123.61
2012,1,via_podiensis_fr,8.2,61.13
2012,2,via_podiensis_fr,4.05,38.44
2012,3,via_podiensis_fr,10.96,28.06
2012,4,via_podiensis_fr,10.55,176.03
2012,5,via_podiensis_fr,15.57,67.29
2012,6,via_podiensis_fr,18.22,79.23
2012,7,via_podiensis_fr,19.07,34.97
2012,8,via_podiensis_fr,21.43,29.04
2012,9,via_podiensis_fr,18.37,49.72
2012,10,via_podiensis_fr,15.23,114.02
2012,11,via_podiensis_fr,11.14,90.19
2012,12,via_podiensis_fr,9.53,110.61
2013,1,camino_frances,7.35,187.75
2013,2,camino_frances,6.21,148.73
2013,3,camino_frances,8.54,158.16
2013,4,camino_frances,10.11,101.5
2013,5,camino_frances,10.85,110.9
2013,6,camino_frances,15.16,93.72
2013,7,camino_frances,20.77,26.52
2013,8,camino_frances,19.57,23.29
2013,9,camino_frances,17.91,52.4
2013,10,camino_frances,15.07,98.72
2013,11,camino_frances,9.22,139.23
2013,12,camino_frances,7.06,99.09
2013,1,camino_portugues,8.8,159.05
2013,2,camino_portugues,7.79,82.32
2013,3,camino_portugues,10.0,291.76
2013,4,camino_portugues,12.2,80.75
2013,5,camino_portugues,13.66,42.7
2013,6,camino_portugues,18.27,28.52
2013,7,camino_portugues,22.4,13.86
2013,8,camino_portugues,22.14,3.2
2013,9,camino_portugues,20.53,75.37
2013,10,camino_portugues,16.02,190.8
2013,11,camino_portugues,10.16,52.47
2013,12,camino_portugues,8.08,146.78
2013,1,camino_portugues_costa,9.42,227.11
2013,2,camino_portugues_costa,8.35,104.03
2013,3,camino_portugues_costa,10.15,369.27
2013,4,camino_portugues_costa,11.73,121.05
2013,5,camino_portugues_costa,12.72,63.11
2013,6,camino_portugues_costa,16.67,42.9
2013,7,camino_portugues_costa,20.9,23.89
2013,8,camino_portugues_costa,20.47,6.56
2013,9,camino_portugues_costa,19.35,90.42
2013,10,camino_portugues_costa,15.96,275.97
2013,11,camino_portugues_costa,10.89,92.24
2013,12,camino_portugues_costa,8.82,195.4
2013,1,camino_norte,9.08,230.82
2013,2,camino_norte,7.85,196.62
2013,3,camino_norte,9.72,159.99
2013,4,camino_norte,10.82,122.12
2013,5,camino_norte,11.41,131.71
2013,6,camino_norte,14.94,107.96
2013,7,camino_norte,20.0,26.75
2013,8,camino_norte,19.2,30.43
2013,9,camino_norte,18.16,53.79
2013,10,camino_norte,16.36,89.97
2013,11,camino_norte,11.08,185.26
2013,12,camino_norte,9.41,111.28
2013,1,via_podiensis_fr,7.65,166.88
2013,2,via_podiensis_fr,6.62,120.94
2013,3,via_podiensis_fr,9.42,83.69
2013,4,via_podiensis_fr,11.41,87.25
2013,5,via_podiensis_fr,12.37,117.49
2013,6,via_podiensis_fr,16.35,103.84
2013,7,via_podiensis_fr,22.3,41.64
2013,8,via_podiensis_fr,20.5,32.26
2013,9,via_podiensis_fr,18.53,59.39
2013,10,via_podiensis_fr,16.55,72.02
2013,11,via_podiensis_fr,10.11,157.6
2013,12,via_podiensis_fr,8.32,72.94
2014,1,camino_frances,8.18,181.5
2014,2,camino_frances,7.27,165.07
2014,3,camino_frances,9.35,112.88
2014,4,camino_frances,12.34,77.46
2014,5,camino_frances,12.99,69.86
2014,6,camino_frances,17.16,53.41
2014,7,camino_frances,18.68,54.59
2014,8,camino_frances,18.74,49.06
2014,9,camino_frances,18.67,56.9
2014,10,camino_frances,16.29,84.17
2014,11,camino_frances,11.09,179.65
2014,12,camino_frances,7.34,92.35
2014,1,camino_portugues,9.35,232.47
2014,2,camino_portugues,8.61,267.04
2014,3,camino_portugues,11.1,82.0
2014,4,camino_portugues,13.88,101.91
2014,5,camino_portugues,15.47,64.15
2014,6,camino_portugues,18.29,51.63
2014,7,camino_portugues,20.24,30.12
2014,8,camino_portugues,19.88,18.68
2014,9,camino_portugues,19.13,117.83
2014,10,camino_portugues,17.61,135.47
2014,11,camino_portugues,11.77,240.03
2014,12,camino_portugues,7.62,34.5
2014,1,camino_portugues_costa,9.81,333.98
2014,2,camino_portugues_costa,9.0,356.39
2014,3,camino_portugues_costa,11.14,109.59
2014,4,camino_portugues_costa,13.46,122.06
2014,5,camino_portugues_costa,14.47,81.04
2014,6,camino_portugues_costa,17.33,75.71
2014,7,camino_portugues_costa,19.02,48.97
2014,8,camino_portugues_costa,18.52,34.02
2014,9,camino_portugues_costa,18.78,130.22
2014,10,camino_portugues_costa,17.43,197.47
2014,11,camino_portugues_costa,12.15,317.37
2014,12,camino_portugues_costa,8.61,45.25
2014,1,camino_norte,9.87,214.51
2014,2,camino_norte,8.95,180.05
2014,3,camino_norte,10.27,140.85
2014,4,camino_norte,12.5,79.16
2014,5,camino_norte,13.08,76.97
2014,6,camino_norte,16.87,58.11
2014,7,camino_norte,18.39,64.3
2014,8,camino_norte,18.51,66.41
2014,9,camino_norte,19.12,56.56
2014,10,camino_norte,17.19,90.84
2014,11,camino_norte,12.76,204.19
2014,12,camino_norte,9.4,127.7
2014,1,via_podiensis_fr,9.71,157.41
2014,2,via_podiensis_fr,9.19,138.99
2014,3,via_podiensis_fr,10.42,86.22
2014,4,via_podiensis_fr,13.12,68.5
2014,5,via_podiensis_fr,14.12,75.06
2014,6,via_podiensis_fr,19.03,46.55
2014,7,via_podiensis_fr,19.95,76.4
2014,8,via_podiensis_fr,19.19,71.95
2014,9,via_podiensis_fr,19.76,27.03
2014,10,via_podiensis_fr,17.17,52.45
2014,11,via_podiensis_fr,13.28,134.07
2014,12,via_podiensis_fr,8.29,73.25
2015,1,camino_frances,6.37,132.32
2015,2,camino_frances,5.61,171.9
2015,3,camino_frances,9.02,75.82
2015,4,camino_frances,12.05,71.61
2015,5,camino_frances,14.41,41.11
2015,6,camino_frances,18.06,51.55
2015,7,camino_frances,20.55,36.38
2015,8,camino_frances,19.43,69.56
2015,9,camino_frances,15.84,73.26
2015,10,camino_frances,13.75,98.78
2015,11,camino_frances,11.5,76.84
2015,12,camino_frances,9.88,33.18
2015,1,camino_portugues,7.16,91.81
2015,2,camino_portugues,7.57,61.82
2015,3,camino_portugues,11.12,24.11
2015,4,camino_portugues,14.1,94.91
2015,5,camino_portugues,17.31,50.39
2015,6,camino_portugues,20.51,31.57
2015,7,camino_portugues,21.33,11.73
2015,8,camino_portugues,20.38,25.0
2015,9,camino_portugues,17.71,74.55
2015,10,camino_portugues,15.54,161.91
2015,11,camino_portugues,12.58,43.44
2015,12,camino_portugues,10.98,88.53
2015,1,camino_portugues_costa,7.96,132.39
2015,2,camino_portugues_costa,7.96,92.87
2015,3,camino_portugues_costa,10.84,29.44
2015,4,camino_portugues_costa,13.72,108.99
2015,5,camino_portugues_costa,15.82,91.3
2015,6,camino_portugues_costa,18.85,34.03
2015,7,camino_portugues_costa,19.63,17.24
2015,8,camino_portugues_costa,18.72,46.66
2015,9,camino_portugues_costa,16.74,119.86
2015,10,camino_portugues_costa,15.34,200.55
2015,11,camino_portugues_costa,12.99,57.03
2015,12,camino_portugues_costa,11.79,142.3
2015,1,camino_norte,8.48,174.95
2015,2,camino_norte,7.29,233.03
2015,3,camino_norte,9.76,95.97
2015,4,camino_norte,12.48,75.35
2015,5,camino_norte,14.21,48.91
2015,6,camino_norte,17.27,40.56
2015,7,camino_norte,19.5,42.17
2015,8,camino_norte,19.05,96.45
2015,9,camino_norte,16.28,81.34
2015,10,camino_norte,14.87,94.97
2015,11,camino_norte,13.2,94.06
2015,12,camino_norte,12.19,33.78
2015,1,via_podiensis_fr,7.72,102.86
2015,2,via_podiensis_fr,6.57,141.73
2015,3,via_podiensis_fr,9.84,70.93
2015,4,via_podiensis_fr,13.24,57.47
2015,5,via_podiensis_fr,15.28,47.43
2015,6,via_podiensis_fr,19.23,52.58
2015,7,via_podiensis_fr,21.37,32.93
2015,8,via_podiensis_fr,20.6,93.84
2015,9,via_podiensis_fr,16.87,71.45
2015,10,via_podiensis_fr,14.34,55.25
2015,11,via_podiensis_fr,12.88,73.63
2015,12,via_podiensis_fr,11.23,15.01
2016,1,camino_frances,8.47,192.81
2016,2,camino_frances,7.55,195.62
2016,3,camino_frances,7.79,138.95
2016,4,camino_frances,9.81,110.05
2016,5,camino_frances,13.39,95.74
2016,6,camino_frances,16.98,58.41
2016,7,camino_frances,19.92,17.26
2016,8,camino_frances,20.29,18.4
2016,9,camino_frances,18.12,68.27
2016,10,camino_frances,14.18,47.8
2016,11,camino_frances,9.3,126.16
2016,12,camino_frances,8.37,22.74
2016,1,camino_portugues,9.84,233.22
2016,2,camino_portugues,8.95,183.98
2016,3,camino_portugues,9.3,95.47
2016,4,camino_portugues,11.67,174.25
2016,5,camino_portugues,14.62,158.42
2016,6,camino_portugues,18.95,30.67
2016,7,camino_portugues,22.68,9.09
2016,8,camino_portugues,22.5,9.35
2016,9,camino_portugues,19.66,34.44
2016,10,camino_portugues,16.05,85.78
2016,11,camino_portugues,10.75,115.23
2016,12,camino_portugues,9.26,42.93
2016,1,camino_portugues_costa,10.37,342.32
2016,2,camino_portugues_costa,9.31,272.02
2016,3,camino_portugues_costa,9.54,144.58
2016,4,camino_portugues_costa,11.29,221.03
2016,5,camino_portugues_costa,14.18,174.36
2016,6,camino_portugues_costa,17.53,49.06
2016,7,camino_portugues_costa,20.7,5.29
2016,8,camino_portugues_costa,20.51,12.66
2016,9,camino_portugues_costa,18.07,53.5
2016,10,camino_portugues_costa,15.54,103.91
2016,11,camino_portugues_costa,11.15,136.4
2016,12,camino_portugues_costa,10.03,44.72
2016,1,camino_norte,10.24,217.66
2016,2,camino_norte,9.1,231.74
2016,3,camino_norte,9.07,171.14
2016,4,camino_norte,10.59,103.15
2016,5,camino_norte,13.81,93.81
2016,6,camino_norte,16.63,74.49
2016,7,camino_norte,19.04,20.94
2016,8,camino_norte,19.74,23.83
2016,9,camino_norte,18.27,95.5
2016,10,camino_norte,15.07,45.56
2016,11,camino_norte,11.07,149.99
2016,12,camino_norte,10.61,25.97
2016,1,via_podiensis_fr,9.71,170.11
2016,2,via_podiensis_fr,8.9,156.83
2016,3,via_podiensis_fr,9.25,107.19
2016,4,via_podiensis_fr,11.39,72.84
2016,5,via_podiensis_fr,14.85,80.83
2016,6,via_podiensis_fr,17.88,58.0
2016,7,via_podiensis_fr,20.5,19.34
2016,8,via_podiensis_fr,21.26,23.34
2016,9,via_podiensis_fr,19.5,51.41
2016,10,via_podiensis_fr,14.55,46.69
2016,11,via_podiensis_fr,10.95,118.49
2016,12,via_podiensis_fr,9.02,15.15
2017,1,camino_frances,5.86,65.51
2017,2,camino_frances,8.65,118.33
2017,3,camino_frances,10.05,83.88
2017,4,camino_frances,11.76,34.63
2017,5,camino_frances,15.31,93.51
2017,6,camino_frances,18.75,70.68
2017,7,camino_frances,19.5,30.06
2017,8,camino_frances,19.6,47.53
2017,9,camino_frances,16.31,57.95
2017,10,camino_frances,15.62,31.57
2017,11,camino_frances,9.49,81.71
2017,12,camino_frances,7.19,156.29
2017,1,camino_portugues,7.31,66.2
2017,2,camino_portugues,10.1,151.09
2017,3,camino_portugues,11.42,84.49
2017,4,camino_portugues,15.13,15.61
2017,5,camino_portugues,17.37,100.37
2017,6,camino_portugues,20.68,20.31
2017,7,camino_portugues,21.02,12.34
2017,8,camino_portugues,21.14,17.73
2017,9,camino_portugues,17.98,7.71
2017,10,camino_portugues,18.08,42.81
2017,11,camino_portugues,11.15,59.9
2017,12,camino_portugues,8.44,119.15
2017,1,camino_portugues_costa,8.11,87.98
2017,2,camino_portugues_costa,10.36,211.99
2017,3,camino_portugues_costa,11.41,106.91
2017,4,camino_portugues_costa,14.31,23.59
2017,5,camino_portugues_costa,16.31,143.86
2017,6,camino_portugues_costa,18.72,27.54
2017,7,camino_portugues_costa,19.22,17.84
2017,8,camino_portugues_costa,19.34,21.25
2017,9,camino_portugues_costa,16.63,15.05
2017,10,camino_portugues_costa,16.86,58.95
2017,11,camino_portugues_costa,11.12,81.27
2017,12,camino_portugues_costa,9.1,171.09
2017,1,camino_norte,7.85,79.1
2017,2,camino_norte,10.06,115.7
2017,3,camino_norte,10.9,102.03
2017,4,camino_norte,11.8,42.56
2017,5,camino_norte,14.96,102.08
2017,6,camino_norte,17.71,86.21
2017,7,camino_norte,18.57,37.45
2017,8,camino_norte,18.99,57.05
2017,9,camino_norte,16.71,88.29
2017,10,camino_norte,16.24,34.06
2017,11,camino_norte,11.35,108.72
2017,12,camino_norte,9.25,198.34
2017,1,via_podiensis_fr,5.85,56.79
2017,2,via_podiensis_fr,9.61,89.55
2017,3,via_podiensis_fr,11.33,88.86
2017,4,via_podiensis_fr,12.18,34.75
2017,5,via_podiensis_fr,16.23,88.24
2017,6,via_podiensis_fr,19.85,92.1
2017,7,via_podiensis_fr,20.36,51.27
2017,8,via_podiensis_fr,20.47,51.21
2017,9,via_podiensis_fr,16.88,82.76
2017,10,via_podiensis_fr,16.07,27.94
2017,11,via_podiensis_fr,10.2,71.59
2017,12,via_podiensis_fr,8.09,141.04
2018,1,camino_frances,7.67,130.28
2018,2,camino_frances,5.3,136.77
2018,3,camino_frances,7.66,183.89
2018,4,camino_frances,11.28,113.74
2018,5,camino_frances,13.26,81.1
2018,6,camino_frances,17.03,106.1
2018,7,camino_frances,19.75,73.65
2018,8,camino_frances,20.3,36.41
2018,9,camino_frances,18.9,33.16
2018,10,camino_frances,13.29,87.46
2018,11,camino_frances,9.98,143.36
2018,12,camino_frances,9.06,54.52
2018,1,camino_portugues,8.44,91.46
2018,2,camino_portugues,7.67,88.68
2018,3,camino_portugues,9.08,300.45
2018,4,camino_portugues,12.24,144.78
2018,5,camino_portugues,15.05,52.94
2018,6,camino_portugues,18.08,74.43
2018,7,camino_portugues,19.73,29.74
2018,8,camino_portugues,22.74,6.06
2018,9,camino_portugues,21.26,13.06
2018,10,camino_portugues,15.37,75.81
2018,11,camino_portugues,10.96,204.63
2018,12,camino_portugues,9.9,68.36
2018,1,camino_portugues_costa,9.18,135.43
2018,2,camino_portugues_costa,7.92,126.41
2018,3,camino_portugues_costa,9.1,362.8
2018,4,camino_portugues_costa,11.94,183.6
2018,5,camino_portugues_costa,14.52,51.58
2018,6,camino_portugues_costa,17.09,92.64
2018,7,camino_portugues_costa,18.86,42.78
2018,8,camino_portugues_costa,20.76,6.44
2018,9,camino_portugues_costa,19.51,17.57
2018,10,camino_portugues_costa,14.92,94.8
2018,11,camino_portugues_costa,11.35,285.12
2018,12,camino_portugues_costa,10.84,113.44
2018,1,camino_norte,9.6,157.25
2018,2,camino_norte,6.86,180.29
2018,3,camino_norte,9.02,198.21
2018,4,camino_norte,11.9,106.32
2018,5,camino_norte,13.38,79.29
2018,6,camino_norte,16.89,109.64
2018,7,camino_norte,19.63,90.27
2018,8,camino_norte,19.87,50.68
2018,9,camino_norte,18.78,35.59
2018,10,camino_norte,14.26,108.5
2018,11,camino_norte,11.66,150.6
2018,12,camino_norte,10.99,63.21
2018,1,via_podiensis_fr,9.73,137.02
2018,2,via_podiensis_fr,5.79,114.56
2018,3,via_podiensis_fr,9.43,128.24
2018,4,via_podiensis_fr,13.25,94.25
2018,5,via_podiensis_fr,14.98,78.66
2018,6,via_podiensis_fr,19.23,93.35
2018,7,via_podiensis_fr,21.95,69.22
2018,8,via_podiensis_fr,21.58,39.64
2018,9,via_podiensis_fr,19.59,23.49
2018,10,via_podiensis_fr,14.79,74.22
2018,11,via_podiensis_fr,11.24,103.67
2018,12,via_podiensis_fr,10.21,84.15
2019,1,camino_frances,6.16,124.97
2019,2,camino_frances,8.51,45.62
2019,3,camino_frances,9.67,45.23
2019,4,camino_frances,10.45,117.97
2019,5,camino_frances,13.2,58.42
2019,6,camino_frances,16.58,69.57
2019,7,camino_frances,20.03,49.52
2019,8,camino_frances,19.87,43.12
2019,9,camino_frances,17.41,47.83
2019,10,camino_frances,14.65,135.63
2019,11,camino_frances,9.31,270.61
2019,12,camino_frances,8.57,161.57
2019,1,camino_portugues,7.43,70.37
2019,2,camino_portugues,9.8,40.7
2019,3,camino_portugues,11.84,56.11
2019,4,camino_portugues,11.91,158.74
2019,5,camino_portugues,16.82,23.73
2019,6,camino_portugues,16.79,45.65
2019,7,camino_portugues,20.65,12.95
2019,8,camino_portugues,20.68,27.25
2019,9,camino_portugues,19.42,28.13
2019,10,camino_portugues,15.38,120.18
2019,11,camino_portugues,11.1,218.79
2019,12,camino_portugues,9.9,220.7
2019,1,camino_portugues_costa,8.05,99.89
2019,2,camino_portugues_costa,10.11,55.47
2019,3,camino_portugues_costa,11.55,82.21
2019,4,camino_portugues_costa,11.7,208.4
2019,5,camino_portugues_costa,15.44,35.78
2019,6,camino_portugues_costa,15.49,75.77
2019,7,camino_portugues_costa,19.19,19.32
2019,8,camino_portugues_costa,18.98,41.18
2019,9,camino_portugues_costa,18.15,41.89
2019,10,camino_portugues_costa,14.91,187.99
2019,11,camino_portugues_costa,11.3,321.55
2019,12,camino_portugues_costa,10.11,274.26
2019,1,camino_norte,8.03,158.67
2019,2,camino_norte,10.06,58.93
2019,3,camino_norte,10.52,53.13
2019,4,camino_norte,11.16,122.77
2019,5,camino_norte,13.19,72.73
2019,6,camino_norte,15.82,84.45
2019,7,camino_norte,19.19,55.39
2019,8,camino_norte,19.44,51.01
2019,9,camino_norte,17.81,57.62
2019,10,camino_norte,15.66,164.28
2019,11,camino_norte,11.01,358.64
2019,12,camino_norte,10.43,173.65
2019,1,via_podiensis_fr,6.8,103.43
2019,2,via_podiensis_fr,9.71,43.21
2019,3,via_podiensis_fr,10.81,38.87
2019,4,via_podiensis_fr,11.97,83.06
2019,5,via_podiensis_fr,13.86,70.14
2019,6,via_podiensis_fr,18.26,69.61
2019,7,via_podiensis_fr,21.84,49.02
2019,8,via_podiensis_fr,20.93,49.63
2019,9,via_podiensis_fr,18.89,47.58
2019,10,via_podiensis_fr,16.16,122.99
2019,11,via_podiensis_fr,10.65,241.49
2019,12,via_podiensis_fr,10.28,122.25
2020,1,camino_frances,7.34,74.46
2020,2,camino_frances,9.86,38.43
2020,3,camino_frances,9.26,107.19
2020,4,camino_frances,12.15,114.31
2020,5,camino_frances,15.86,68.73
2020,6,camino_frances,16.23,75.04
2020,7,camino_frances,19.96,15.03
2020,8,camino_frances,19.66,69.55
2020,9,camino_frances,17.59,74.79
2020,10,camino_frances,12.66,154.84
2020,11,camino_frances,11.16,47.84
2020,12,camino_frances,7.56,218.78
2020,1,camino_portugues,8.56,97.4
2020,2,camino_portugues,11.49,28.74
2020,3,camino_portugues,11.44,100.39
2020,4,camino_portugues,13.1,140.66
2020,5,camino_portugues,17.98,64.75
2020,6,camino_portugues,17.92,28.41
2020,7,camino_portugues,23.38,4.2
2020,8,camino_portugues,20.71,26.93
2020,9,camino_portugues,19.73,55.22
2020,10,camino_portugues,14.1,127.11
2020,11,camino_portugues,12.53,103.06
2020,12,camino_portugues,8.93,151.28
2020,1,camino_portugues_costa,9.21,152.13
2020,2,camino_portugues_costa,11.58,55.37
2020,3,camino_portugues_costa,11.27,127.99
2020,4,camino_portugues_costa,13.05,162.28
2020,5,camino_portugues_costa,17.25,70.56
2020,6,camino_portugues_costa,16.78,42.3
2020,7,camino_portugues_costa,21.14,2.96
2020,8,camino_portugues_costa,19.16,47.36
2020,9,camino_portugues_costa,18.62,60.75
2020,10,camino_portugues_costa,13.87,154.78
2020,11,camino_portugues_costa,12.71,119.57
2020,12,camino_portugues_costa,9.58,250.45
2020,1,camino_norte,9.43,86.17
2020,2,camino_norte,11.1,50.4
2020,3,camino_norte,10.19,113.79
2020,4,camino_norte,12.79,103.15
2020,5,camino_norte,15.78,62.38
2020,6,camino_norte,16.13,83.31
2020,7,camino_norte,18.9,16.28
2020,8,camino_norte,19.48,97.4
2020,9,camino_norte,18.04,85.97
2020,10,camino_norte,14.12,194.44
2020,11,camino_norte,12.94,40.44
2020,12,camino_norte,9.57,299.36
2020,1,via_podiensis_fr,9.21,64.4
2020,2,via_podiensis_fr,10.74,53.5
2020,3,via_podiensis_fr,10.43,96.4
2020,4,via_podiensis_fr,14.21,86.37
2020,5,via_podiensis_fr,17.12,85.8
2020,6,via_podiensis_fr,17.58,85.66
2020,7,via_podiensis_fr,20.84,12.89
2020,8,via_podiensis_fr,21.39,65.25
2020,9,via_podiensis_fr,19.1,69.58
2020,10,via_podiensis_fr,14.02,157.83
2020,11,via_podiensis_fr,12.42,28.39
2020,12,via_podiensis_fr,9.2,203.13
2021,1,camino_frances,5.8,137.94
2021,2,camino_frances,9.48,148.75
2021,3,camino_frances,9.22,31.26
2021,4,camino_frances,10.63,64.82
2021,5,camino_frances,13.02,75.93
2021,6,camino_frances,16.61,111.04
2021,7,camino_frances,18.41,33.55
2021,8,camino_frances,19.13,23.5
2021,9,camino_frances,17.47,95.77
2021,10,camino_frances,13.9,66.72
2021,11,camino_frances,8.34,140.12
2021,12,camino_frances,8.87,140.52
2021,1,camino_portugues,6.97,119.95
2021,2,camino_portugues,10.77,233.95
2021,3,camino_portugues,11.56,25.2
2021,4,camino_portugues,13.67,115.86
2021,5,camino_portugues,14.78,58.81
2021,6,camino_portugues,18.18,48.19
2021,7,camino_portugues,19.97,11.25
2021,8,camino_portugues,20.8,8.06
2021,9,camino_portugues,18.79,99.65
2021,10,camino_portugues,16.28,110.09
2021,11,camino_portugues,9.8,20.12
2021,12,camino_portugues,10.71,111.85
2021,1,camino_portugues_costa,7.7,179.6
2021,2,camino_portugues_costa,11.03,301.52
2021,3,camino_portugues_costa,11.42,24.08
2021,4,camino_portugues_costa,13.46,122.81
2021,5,camino_portugues_costa,14.02,93.38
2021,6,camino_portugues_costa,17.04,61.96
2021,7,camino_portugues_costa,18.22,21.2
2021,8,camino_portugues_costa,19.04,12.42
2021,9,camino_portugues_costa,18.11,104.37
2021,10,camino_portugues_costa,15.62,138.96
2021,11,camino_portugues_costa,10.27,27.69
2021,12,camino_portugues_costa,11.12,157.37
2021,1,camino_norte,7.8,177.19
2021,2,camino_norte,10.88,154.23
2021,3,camino_norte,10.19,37.77
2021,4,camino_norte,11.18,55.01
2021,5,camino_norte,13.06,92.64
2021,6,camino_norte,16.2,125.35
2021,7,camino_norte,17.72,45.8
2021,8,camino_norte,18.53,30.58
2021,9,camino_norte,18.08,100.61
2021,10,camino_norte,15.11,72.06
2021,11,camino_norte,10.25,197.32
2021,12,camino_norte,10.77,178.56
2021,1,via_podiensis_fr,6.92,120.53
2021,2,via_podiensis_fr,10.78,102.69
2021,3,via_podiensis_fr,10.22,28.38
2021,4,via_podiensis_fr,11.73,30.27
2021,5,via_podiensis_fr,13.84,84.27
2021,6,via_podiensis_fr,18.71,121.86
2021,7,via_podiensis_fr,19.45,54.81
2021,8,via_podiensis_fr,19.69,29.55
2021,9,via_podiensis_fr,19.36,89.28
2021,10,via_podiensis_fr,14.81,49.7
2021,11,via_podiensis_fr,9.55,112.09
2021,12,via_podiensis_fr,9.41,140.39
2022,1,camino_frances,6.44,45.88
2022,2,camino_frances,8.13,36.28
2022,3,camino_frances,9.19,104.87
2022,4,camino_frances,10.13,91.31
2022,5,camino_frances,15.65,38.14
2022,6,camino_frances,18.01,81.85
2022,7,camino_frances,21.28,14.35
2022,8,camino_frances,21.13,45.57
2022,9,camino_frances,17.55,68.87
2022,10,camino_frances,16.61,91.87
2022,11,camino_frances,11.08,149.62
2022,12,camino_frances,9.7,124.1
2022,1,camino_portugues,8.37,20.99
2022,2,camino_portugues,10.11,20.61
2022,3,camino_portugues,11.01,128.02
2022,4,camino_portugues,12.2,79.15
2022,5,camino_portugues,18.19,29.05
2022,6,camino_portugues,18.83,55.19
2022,7,camino_portugues,23.83,5.07
2022,8,camino_portugues,22.0,9.3
2022,9,camino_portugues,18.95,74.14
2022,10,camino_portugues,17.37,186.64
2022,11,camino_portugues,12.21,168.62
2022,12,camino_portugues,11.56,275.94
2022,1,camino_portugues_costa,8.99,35.46
2022,2,camino_portugues_costa,10.17,31.94
2022,3,camino_portugues_costa,11.13,140.61
2022,4,camino_portugues_costa,11.85,102.95
2022,5,camino_portugues_costa,16.75,46.35
2022,6,camino_portugues_costa,17.3,83.53
2022,7,camino_portugues_costa,21.58,5.14
2022,8,camino_portugues_costa,20.33,14.25
2022,9,camino_portugues_costa,18.23,101.71
2022,10,camino_portugues_costa,16.51,296.45
2022,11,camino_portugues_costa,12.72,255.05
2022,12,camino_portugues_costa,11.79,354.88
2022,1,camino_norte,8.51,58.99
2022,2,camino_norte,9.61,50.61
2022,3,camino_norte,10.46,108.89
2022,4,camino_norte,10.9,99.4
2022,5,camino_norte,15.17,40.33
2022,6,camino_norte,17.23,101.76
2022,7,camino_norte,20.07,14.39
2022,8,camino_norte,20.26,61.39
2022,9,camino_norte,18.0,90.11
2022,10,camino_norte,17.42,85.47
2022,11,camino_norte,12.89,173.47
2022,12,camino_norte,11.46,123.23
2022,1,via_podiensis_fr,6.86,55.73
2022,2,via_podiensis_fr,9.5,38.19
2022,3,via_podiensis_fr,11.01,74.32
2022,4,via_podiensis_fr,11.88,86.3
2022,5,via_podiensis_fr,17.25,27.02
2022,6,via_podiensis_fr,19.84,99.75
2022,7,via_podiensis_fr,22.32,14.78
2022,8,via_podiensis_fr,22.87,42.28
2022,9,via_podiensis_fr,19.02,68.34
2022,10,via_podiensis_fr,18.48,46.86
2022,11,via_podiensis_fr,12.73,137.77
2022,12,via_podiensis_fr,9.87,76.84
2023,1,camino_frances,6.51,177.08
2023,2,camino_frances,6.58,40.46
2023,3,camino_frances,10.75,53.79
2023,4,camino_frances,12.52,50.44
2023,5,camino_frances,14.26,62.1
2023,6,camino_frances,18.59,105.33
2023,7,camino_frances,19.75,28.03
2023,8,camino_frances,20.65,39.73
2023,9,camino_frances,18.79,97.72
2023,10,camino_frances,16.38,174.52
2023,11,camino_frances,11.43,178.39
2023,12,camino_frances,8.24,96.28
2023,1,camino_portugues,7.98,138.59
2023,2,camino_portugues,8.63,16.25
2023,3,camino_portugues,12.0,79.93
2023,4,camino_portugues,15.33,32.12
2023,5,camino_portugues,16.9,57.17
2023,6,camino_portugues,20.4,81.75
2023,7,camino_portugues,20.77,8.01
2023,8,camino_portugues,22.42,7.97
2023,9,camino_portugues,19.19,105.32
2023,10,camino_portugues,17.74,264.81
2023,11,camino_portugues,12.65,174.19
2023,12,camino_portugues,8.77,96.44
2023,1,camino_portugues_costa,8.84,210.36
2023,2,camino_portugues_costa,9.05,16.31
2023,3,camino_portugues_costa,11.84,128.59
2023,4,camino_portugues_costa,14.27,48.27
2023,5,camino_portugues_costa,16.03,68.24
2023,6,camino_portugues_costa,18.99,106.06
2023,7,camino_portugues_costa,18.98,16.52
2023,8,camino_portugues_costa,20.36,17.01
2023,9,camino_portugues_costa,18.58,123.54
2023,10,camino_portugues_costa,17.33,386.67
2023,11,camino_portugues_costa,13.04,267.61
2023,12,camino_portugues_costa,9.7,156.45
2023,1,camino_norte,8.63,227.14
2023,2,camino_norte,8.42,51.68
2023,3,camino_norte,11.66,63.67
2023,4,camino_norte,12.58,62.38
2023,5,camino_norte,14.48,67.91
2023,6,camino_norte,18.63,101.87
2023,7,camino_norte,19.2,37.69
2023,8,camino_norte,19.92,60.68
2023,9,camino_norte,19.55,105.51
2023,10,camino_norte,17.44,183.77
2023,11,camino_norte,12.96,214.63
2023,12,camino_norte,10.48,122.19
2023,1,via_podiensis_fr,7.91,129.29
2023,2,via_podiensis_fr,7.79,37.25
2023,3,via_podiensis_fr,11.35,76.65
2023,4,via_podiensis_fr,12.66,67.29
2023,5,via_podiensis_fr,15.8,62.89
2023,6,via_podiensis_fr,20.53,89.5
2023,7,via_podiensis_fr,20.84,35.19
2023,8,via_podiensis_fr,21.38,44.67
2023,9,via_podiensis_fr,21.13,73.47
2023,10,via_podiensis_fr,17.72,137.36
2023,11,via_podiensis_fr,12.1,185.75
2023,12,via_podiensis_fr,9.87,118.51
2024,1,camino_frances,8.27,84.58
2024,2,camino_frances,9.37,135.36
2024,3,camino_frances,9.55,140.9
2024,4,camino_frances,11.62,71.82
2024,5,camino_frances,12.96,105.14
2024,6,camino_frances,16.71,80.8
2024,7,camino_frances,20.04,26.57
2024,8,camino_frances,20.62,43.44
2024,9,camino_frances,15.78,115.46
2024,10,camino_frances,14.71,164.4
2024,11,camino_frances,12.04,69.34
2024,12,camino_frances,7.85,74.15
2024,1,camino_portugues,10.1,142.92
2024,2,camino_portugues,11.34,143.09
2024,3,camino_portugues,11.2,188.07
2024,4,camino_portugues,14.46,79.18
2024,5,camino_portugues,15.2,72.11
2024,6,camino_portugues,18.54,59.32
2024,7,camino_portugues,21.63,15.51
2024,8,camino_portugues,21.98,4.22
2024,9,camino_portugues,18.01,57.99
2024,10,camino_portugues,16.28,174.89
2024,11,camino_portugues,13.95,81.72
2024,12,camino_portugues,8.78,23.53
2024,1,camino_portugues_costa,10.5,179.06
2024,2,camino_portugues_costa,11.59,187.3
2024,3,camino_portugues_costa,11.04,239.37
2024,4,camino_portugues_costa,13.91,109.72
2024,5,camino_portugues_costa,14.32,123.76
2024,6,camino_portugues_costa,17.41,66.4
2024,7,camino_portugues_costa,19.73,27.35
2024,8,camino_portugues_costa,20.21,6.28
2024,9,camino_portugues_costa,16.86,93.3
2024,10,camino_portugues_costa,16.19,232.08
2024,11,camino_portugues_costa,14.43,103.57
2024,12,camino_portugues_costa,9.57,45.3
2024,1,camino_norte,10.12,103.51
2024,2,camino_norte,10.81,158.9
2024,3,camino_norte,10.64,146.85
2024,4,camino_norte,12.18,82.38
2024,5,camino_norte,13.26,114.41
2024,6,camino_norte,16.34,88.29
2024,7,camino_norte,19.07,36.75
2024,8,camino_norte,19.96,49.72
2024,9,camino_norte,16.5,135.68
2024,10,camino_norte,15.87,171.8
2024,11,camino_norte,13.72,84.55
2024,12,camino_norte,10.03,106.92
2024,1,via_podiensis_fr,8.71,61.52
2024,2,via_podiensis_fr,10.23,134.81
2024,3,via_podiensis_fr,11.12,123.42
2024,4,via_podiensis_fr,12.6,65.79
2024,5,via_podiensis_fr,14.39,116.64
2024,6,via_podiensis_fr,18.01,91.07
2024,7,via_podiensis_fr,20.51,38.94
2024,8,via_podiensis_fr,21.09,58.65
2024,9,via_podiensis_fr,16.88,136.77
2024,10,via_podiensis_fr,15.95,136.3
2024,11,via_podiensis_fr,12.73,62.18
2024,12,via_podiensis_fr,8.87,89.08
